{
    "VGG19": {
        "CPU": {
            "k1": 0.51658833,
            "k2": -0.56266748,
            "k3": -0.02105238,
            "k4": 0.28650838,
            "k5": 0.53534967,
            "k6": -0.33805095,
            "k7": -0.00849538 ,
            "k8": 0.31324249
                
        },
        "GPU": {
            "A10": {
                "g1": 0.00183931,
                "g2": -0.0011129,
                "t": 0.00225,
                "G": 24
            },
            "T4": {
                "g1": 0.100000,
                "g2": 0.100000,
                "t": 0.100000,
                "G": 16
            }
        }
    }
}