{
    "VGG19": {
        "CPU": {
            "k1": 0.51658833,
            "k2": -0.56266748,
            "k3": -0.02105238,
            "k4": 0.28650838,
            "k5": 0.53534967,
            "k6": -0.33805095,
            "k7": -0.00849538 ,
            "k8": 0.31324249  
        },
        "GPU": {
            "A10": {
                "g1": 0.00183931,
                "g2": -0.0011129,
                "t": 0.00225,
                "G": 24
            }
        }
    },
    "ResNet50": {
        "CPU": {
            "k1": 0.0879439,
            "k2": 0.00289523,
            "k3": 0.05056164,
            "k4": -0.04188378,
            "k5": -0.12843874,
            "k6": 0.03937378,
            "k7": 0.10426109,       
            "k8": 0.00278062,
            "k9": 0.02837365,
            "k10": -0.04686584,
            "k11": -0.10460639,
            "k12": 0.08617921
        },
        "GPU": {
            "A10": {
                "g1":0.00090969,
                "g2":0.00111694,
                "t":0.00225,
                "G":24
            }
        }
    }
}