{
    "VGG19": {
        "CPU": {
            "avg": {
                "Polynomial": {},
                "Exponential": {
                    "f": [
                        0.31459016,
                        -11.61049736
                    ],
                    "g": [
                        6.52938129,
                        1.20230209,
                        0.45278653
                    ],
                    "k": [
                        0.47204607,
                        0.01924583,
                        5.46273559,
                        0.28462665
                    ]
                }
            },
            "max": {
                "Polynomial": {},
                "Exponential": {
                    "f": [
                        0.33005543,
                        -11.39930236
                    ],
                    "g": [
                        6.07503208,
                        1.17236709,
                        0.38646525
                    ],
                    "k": [
                        0.51356242,
                        0.06498294,
                        5.86433197,
                        0.82416099
                    ]
                }
            }
        },
        "GPU": {
            "A10": {
                "l1": 0.00183931,
                "l2": -0.0011129,
                "t": 0.00225,
                "G": 24
            }
        }
    },
    "ResNet50": {
        "CPU": {
            "avg": {
                "Polynomial": {},
                "Exponential": {
                    "f": [
                        0.29420522,
                        -12.26250059
                    ],
                    "g": [
                        2.42325256,
                        1.0445473,
                        -0.24507877
                    ],
                    "k": [
                        0.48473874,
                        0.22033077,
                        5.89248769,
                        2.69739896
                    ]
                }
            },
            "max": {
                "Polynomial": {},
                "Exponential": {
                    "f": [
                        1.46436229,
                        -14.7549112
                    ],
                    "g": [
                        -0.42253335,
                        0.91681385,
                        2.22637757
                    ],
                    "k": [
                        -0.64839863,
                        1.47089919,
                        -9.46109835,
                        21.49509429
                    ]
                }
            }
        },
        "GPU": {
            "A10": {
                "l1": 0.00090969,
                "l2": 0.00111694,
                "t": 0.00225,
                "G": 24
            }
        }
    }
}