{
    "VGG19": {
        "CPU": {
            "k1": 0.000000,
            "k2": 0.000000,
            "k3": 0.000000,
            "k4": 0.000000,
            "k5": 0.000000,
            "k6": 0.000000,
            "k7": 0.000000,
            "k8": 0.000000
        },
        "GPU": {
            "T4": {
                "g1": 0.000000,
                "g2": 0.000000,
                "t": 0.000000,
                "G": 16
            },
            "A10": {
                "g1": 0.000000,
                "g2": 0.000000,
                "t": 0.000000,
                "G": 24
            }
        }
    }
}